column,category,type
customerID,Dimension,Identifier
gender,Dimension,Categorical
SeniorCitizen,Dimension,Binary
Partner,Dimension,Binary
Dependents,Dimension,Binary
tenure,Measure,Numeric
PhoneService,Dimension,Binary
MultipleLines,Dimension,Categorical
InternetService,Dimension,Categorical
OnlineSecurity,Dimension,Categorical
OnlineBackup,Dimension,Categorical
DeviceProtection,Dimension,Categorical
TechSupport,Dimension,Categorical
StreamingTV,Dimension,Categorical
StreamingMovies,Dimension,Categorical
Contract,Dimension,Categorical
PaperlessBilling,Dimension,Binary
PaymentMethod,Dimension,Categorical
MonthlyCharges,Measure,Numeric
TotalCharges,Measure,Numeric
Churn,Dimension,Binary